epidemiological_week,date,order_for_place,state,city,city_ibge_code,place_type,last_available_confirmed,last_available_confirmed_per_100k_inhabitants,new_confirmed,last_available_deaths,new_deaths,last_available_death_rate,estimated_population,is_last,is_repeated
202133,2021-08-18,514,BA,Juazeiro,2918407,city,17171,7870.75659,0,390,0,0.0227,218162,False,True
202133,2021-08-17,513,BA,Juazeiro,2918407,city,17171,7870.75659,5,390,1,0.0227,218162,True,False
202133,2021-08-16,512,BA,Juazeiro,2918407,city,17166,7868.46472,0,389,0,0.0227,218162,False,True
202133,2021-08-15,511,BA,Juazeiro,2918407,city,17166,7868.46472,24,389,0,0.0227,218162,False,False
202132,2021-08-14,510,BA,Juazeiro,2918407,city,17142,7857.46372,0,389,0,0.0227,218162,False,True
202132,2021-08-13,509,BA,Juazeiro,2918407,city,17142,7857.46372,215,389,0,0.0227,218162,False,False
202132,2021-08-12,508,BA,Juazeiro,2918407,city,16927,7758.9131,0,389,0,0.023,218162,False,True
202132,2021-08-11,507,BA,Juazeiro,2918407,city,16927,7758.9131,0,389,0,0.023,218162,False,True
202132,2021-08-10,506,BA,Juazeiro,2918407,city,16927,7758.9131,0,389,0,0.023,218162,False,True
202132,2021-08-09,505,BA,Juazeiro,2918407,city,16927,7758.9131,0,389,0,0.023,218162,False,True
202132,2021-08-08,504,BA,Juazeiro,2918407,city,16927,7758.9131,0,389,0,0.023,218162,False,True
202131,2021-08-07,503,BA,Juazeiro,2918407,city,16927,7758.9131,0,389,0,0.023,218162,False,True
202131,2021-08-06,502,BA,Juazeiro,2918407,city,16927,7758.9131,0,389,0,0.023,218162,False,True
202131,2021-08-05,501,BA,Juazeiro,2918407,city,16927,7758.9131,0,389,0,0.023,218162,False,True
202131,2021-08-04,500,BA,Juazeiro,2918407,city,16927,7758.9131,0,389,0,0.023,218162,False,True
202131,2021-08-03,499,BA,Juazeiro,2918407,city,16927,7758.9131,0,389,0,0.023,218162,False,True
202131,2021-08-02,498,BA,Juazeiro,2918407,city,16927,7758.9131,0,389,0,0.023,218162,False,True
202131,2021-08-01,497,BA,Juazeiro,2918407,city,16927,7758.9131,0,389,0,0.023,218162,False,True
202130,2021-07-31,496,BA,Juazeiro,2918407,city,16927,7758.9131,0,389,0,0.023,218162,False,True
202130,2021-07-30,495,BA,Juazeiro,2918407,city,16927,7758.9131,0,389,0,0.023,218162,False,True
202130,2021-07-29,494,BA,Juazeiro,2918407,city,16927,7758.9131,60,389,3,0.023,218162,False,False
202130,2021-07-28,493,BA,Juazeiro,2918407,city,16867,7731.4106,0,386,0,0.0229,218162,False,True
202130,2021-07-27,492,BA,Juazeiro,2918407,city,16867,7731.4106,0,386,0,0.0229,218162,False,True
202130,2021-07-26,491,BA,Juazeiro,2918407,city,16867,7731.4106,0,386,0,0.0229,218162,False,True
202130,2021-07-25,490,BA,Juazeiro,2918407,city,16867,7731.4106,70,386,3,0.0229,218162,False,False
202129,2021-07-24,489,BA,Juazeiro,2918407,city,16797,7699.32436,0,383,0,0.0228,218162,False,True
202129,2021-07-23,488,BA,Juazeiro,2918407,city,16797,7699.32436,0,383,0,0.0228,218162,False,True
202129,2021-07-22,487,BA,Juazeiro,2918407,city,16797,7699.32436,40,383,0,0.0228,218162,False,False
202129,2021-07-21,486,BA,Juazeiro,2918407,city,16757,7680.98936,23,383,0,0.0229,218162,False,False
202129,2021-07-20,485,BA,Juazeiro,2918407,city,16734,7670.44673,10,383,0,0.0229,218162,False,False
202129,2021-07-19,484,BA,Juazeiro,2918407,city,16724,7665.86298,11,383,2,0.0229,218162,False,False
202129,2021-07-18,483,BA,Juazeiro,2918407,city,16713,7660.82086,22,381,0,0.0228,218162,False,False
202128,2021-07-17,482,BA,Juazeiro,2918407,city,16691,7650.73661,8,381,1,0.0228,218162,False,False
202128,2021-07-16,481,BA,Juazeiro,2918407,city,16683,7647.06961,39,380,0,0.0228,218162,False,False
202128,2021-07-15,480,BA,Juazeiro,2918407,city,16644,7629.19299,0,380,0,0.0228,218162,False,True
202128,2021-07-14,479,BA,Juazeiro,2918407,city,16644,7629.19299,36,380,2,0.0228,218162,False,False
202128,2021-07-13,478,BA,Juazeiro,2918407,city,16608,7612.69149,12,378,1,0.0228,218162,False,False
202128,2021-07-12,477,BA,Juazeiro,2918407,city,16596,7607.19099,7,377,1,0.0227,218162,False,False
202128,2021-07-11,476,BA,Juazeiro,2918407,city,16589,7603.98236,27,376,0,0.0227,218162,False,False
202127,2021-07-10,475,BA,Juazeiro,2918407,city,16562,7591.60624,39,376,1,0.0227,218162,False,False
202127,2021-07-09,474,BA,Juazeiro,2918407,city,16523,7573.72961,27,375,1,0.0227,218162,False,False
202127,2021-07-08,473,BA,Juazeiro,2918407,city,16496,7561.35349,43,374,4,0.0227,218162,False,False
202127,2021-07-07,472,BA,Juazeiro,2918407,city,16453,7541.64337,50,370,0,0.0225,218162,False,False
202127,2021-07-06,471,BA,Juazeiro,2918407,city,16403,7518.72462,21,370,10,0.0226,218162,False,False
202127,2021-07-05,470,BA,Juazeiro,2918407,city,16382,7509.09874,19,360,2,0.022,218162,False,False
202127,2021-07-04,469,BA,Juazeiro,2918407,city,16363,7500.38962,17,358,0,0.0219,218162,False,False
202126,2021-07-03,468,BA,Juazeiro,2918407,city,16346,7492.59724,41,358,0,0.0219,218162,False,False
202126,2021-07-02,467,BA,Juazeiro,2918407,city,16305,7473.80387,41,358,1,0.022,218162,False,False
202126,2021-07-01,466,BA,Juazeiro,2918407,city,16264,7455.0105,47,357,0,0.022,218162,False,False
202126,2021-06-30,465,BA,Juazeiro,2918407,city,16217,7433.46687,27,357,0,0.022,218162,False,False
202126,2021-06-29,464,BA,Juazeiro,2918407,city,16190,7421.09075,16,357,1,0.0221,218162,False,False
202126,2021-06-28,463,BA,Juazeiro,2918407,city,16174,7413.75675,23,356,0,0.022,218162,False,False
202126,2021-06-27,462,BA,Juazeiro,2918407,city,16151,7403.21413,35,356,1,0.022,218162,False,False
202125,2021-06-26,461,BA,Juazeiro,2918407,city,16116,7387.171,22,355,1,0.022,218162,False,False
202125,2021-06-25,460,BA,Juazeiro,2918407,city,16094,7377.08675,37,354,9,0.022,218162,False,False
202125,2021-06-24,459,BA,Juazeiro,2918407,city,16057,7360.12688,56,345,2,0.0215,218162,False,False
202125,2021-06-23,458,BA,Juazeiro,2918407,city,16001,7334.45788,50,343,1,0.0214,218162,False,False
202125,2021-06-22,457,BA,Juazeiro,2918407,city,15951,7311.53913,35,342,0,0.0214,218162,False,False
202125,2021-06-21,456,BA,Juazeiro,2918407,city,15916,7295.49601,22,342,1,0.0215,218162,False,False
202125,2021-06-20,455,BA,Juazeiro,2918407,city,15894,7285.41176,42,341,0,0.0215,218162,False,False
202124,2021-06-19,454,BA,Juazeiro,2918407,city,15852,7266.16001,59,341,2,0.0215,218162,False,False
202124,2021-06-18,453,BA,Juazeiro,2918407,city,15793,7239.11589,61,339,1,0.0215,218162,False,False
202124,2021-06-17,452,BA,Juazeiro,2918407,city,15732,7211.15501,63,338,5,0.0215,218162,False,False
202124,2021-06-16,451,BA,Juazeiro,2918407,city,15669,7182.27739,51,333,2,0.0213,218162,False,False
202124,2021-06-15,450,BA,Juazeiro,2918407,city,15618,7158.90027,21,331,0,0.0212,218162,False,False
202124,2021-06-14,449,BA,Juazeiro,2918407,city,15597,7149.27439,25,331,1,0.0212,218162,False,False
202124,2021-06-13,448,BA,Juazeiro,2918407,city,15572,7137.81502,75,330,0,0.0212,218162,False,False
202123,2021-06-12,447,BA,Juazeiro,2918407,city,15497,7103.4369,79,330,0,0.0213,218162,False,False
202123,2021-06-11,446,BA,Juazeiro,2918407,city,15418,7067.22527,44,330,5,0.0214,218162,False,False
202123,2021-06-10,445,BA,Juazeiro,2918407,city,15374,7047.05677,111,325,1,0.0211,218162,False,False
202123,2021-06-09,444,BA,Juazeiro,2918407,city,15263,6996.17715,28,324,1,0.0212,218162,False,False
202123,2021-06-08,443,BA,Juazeiro,2918407,city,15235,6983.34265,14,323,0,0.0212,218162,False,False
202123,2021-06-07,442,BA,Juazeiro,2918407,city,15221,6976.9254,26,323,0,0.0212,218162,False,False
202123,2021-06-06,441,BA,Juazeiro,2918407,city,15195,6965.00765,38,323,1,0.0213,218162,False,False
202122,2021-06-05,440,BA,Juazeiro,2918407,city,15157,6947.58941,11,322,0,0.0212,218162,False,False
202122,2021-06-04,439,BA,Juazeiro,2918407,city,15146,6942.54728,31,322,2,0.0213,218162,False,False
202122,2021-06-03,438,BA,Juazeiro,2918407,city,15115,6928.33766,38,320,0,0.0212,218162,False,False
202122,2021-06-02,437,BA,Juazeiro,2918407,city,15077,6910.91941,29,320,4,0.0212,218162,False,False
202122,2021-06-01,436,BA,Juazeiro,2918407,city,15048,6897.62653,46,316,6,0.021,218162,False,False
202122,2021-05-31,435,BA,Juazeiro,2918407,city,15002,6876.54129,69,310,3,0.0207,218162,False,False
202122,2021-05-30,434,BA,Juazeiro,2918407,city,14933,6844.91341,0,307,0,0.0206,218162,False,True
202121,2021-05-29,433,BA,Juazeiro,2918407,city,14933,6844.91341,25,307,1,0.0206,218162,False,False
202121,2021-05-28,432,BA,Juazeiro,2918407,city,14908,6833.45404,63,306,0,0.0205,218162,False,False
202121,2021-05-27,431,BA,Juazeiro,2918407,city,14845,6804.57642,51,306,2,0.0206,218162,False,False
202121,2021-05-26,430,BA,Juazeiro,2918407,city,14794,6781.19929,54,304,0,0.0205,218162,False,False
202121,2021-05-25,429,BA,Juazeiro,2918407,city,14740,6756.44704,25,304,2,0.0206,218162,False,False
202121,2021-05-24,428,BA,Juazeiro,2918407,city,14715,6744.98767,17,302,0,0.0205,218162,False,False
202121,2021-05-23,427,BA,Juazeiro,2918407,city,14698,6737.1953,28,302,2,0.0205,218162,False,False
202120,2021-05-22,426,BA,Juazeiro,2918407,city,14670,6724.3608,44,300,1,0.0204,218162,False,False
202120,2021-05-21,425,BA,Juazeiro,2918407,city,14626,6704.1923,51,299,1,0.0204,218162,False,False
202120,2021-05-20,424,BA,Juazeiro,2918407,city,14575,6680.81517,31,298,1,0.0204,218162,False,False
202120,2021-05-19,423,BA,Juazeiro,2918407,city,14544,6666.60555,43,297,0,0.0204,218162,False,False
202120,2021-05-18,422,BA,Juazeiro,2918407,city,14501,6646.89543,9,297,0,0.0205,218162,False,False
202120,2021-05-17,421,BA,Juazeiro,2918407,city,14492,6642.77005,6,297,0,0.0205,218162,False,False
202120,2021-05-16,420,BA,Juazeiro,2918407,city,14486,6640.0198,66,297,0,0.0205,218162,False,False
202119,2021-05-15,419,BA,Juazeiro,2918407,city,14420,6609.76705,54,297,1,0.0206,218162,False,False
202119,2021-05-14,418,BA,Juazeiro,2918407,city,14366,6585.01481,37,296,1,0.0206,218162,False,False
202119,2021-05-13,417,BA,Juazeiro,2918407,city,14329,6568.05493,73,295,1,0.0206,218162,False,False
202119,2021-05-12,416,BA,Juazeiro,2918407,city,14256,6534.59356,54,294,2,0.0206,218162,False,False
202119,2021-05-11,415,BA,Juazeiro,2918407,city,14202,6509.84131,30,292,1,0.0206,218162,False,False
202119,2021-05-10,414,BA,Juazeiro,2918407,city,14172,6496.09006,13,291,2,0.0205,218162,False,False
202119,2021-05-09,413,BA,Juazeiro,2918407,city,14159,6490.13119,45,289,5,0.0204,218162,False,False
202118,2021-05-08,412,BA,Juazeiro,2918407,city,14114,6469.50431,46,284,3,0.0201,218162,False,False
202118,2021-05-07,411,BA,Juazeiro,2918407,city,14068,6448.41906,60,281,3,0.02,218162,False,False
202118,2021-05-06,410,BA,Juazeiro,2918407,city,14008,6420.91657,31,278,0,0.0198,218162,False,False
202118,2021-05-05,409,BA,Juazeiro,2918407,city,13977,6406.70694,59,278,0,0.0199,218162,False,False
202118,2021-05-04,408,BA,Juazeiro,2918407,city,13918,6379.66282,50,278,0,0.02,218162,False,False
202118,2021-05-03,407,BA,Juazeiro,2918407,city,13868,6356.74407,18,278,1,0.02,218162,False,False
202118,2021-05-02,406,BA,Juazeiro,2918407,city,13850,6348.49332,41,277,4,0.02,218162,False,False
202117,2021-05-01,405,BA,Juazeiro,2918407,city,13809,6329.69995,55,273,1,0.0198,218162,False,False
202117,2021-04-30,404,BA,Juazeiro,2918407,city,13754,6304.48932,53,272,3,0.0198,218162,False,False
202117,2021-04-29,403,BA,Juazeiro,2918407,city,13701,6280.19545,80,269,2,0.0196,218162,False,False
202117,2021-04-28,402,BA,Juazeiro,2918407,city,13621,6243.52545,76,267,2,0.0196,218162,False,False
202117,2021-04-27,401,BA,Juazeiro,2918407,city,13545,6208.68896,32,265,0,0.0196,218162,False,False
202117,2021-04-26,400,BA,Juazeiro,2918407,city,13513,6194.02096,27,265,0,0.0196,218162,False,False
202117,2021-04-25,399,BA,Juazeiro,2918407,city,13486,6181.64483,73,265,0,0.0197,218162,False,False
202116,2021-04-24,398,BA,Juazeiro,2918407,city,13413,6148.18346,93,265,0,0.0198,218162,False,False
202116,2021-04-23,397,BA,Juazeiro,2918407,city,13320,6105.55459,35,265,10,0.0199,218162,False,False
202116,2021-04-22,396,BA,Juazeiro,2918407,city,13285,6089.51146,40,255,2,0.0192,218162,False,False
202116,2021-04-21,395,BA,Juazeiro,2918407,city,13245,6071.17647,76,253,4,0.0191,218162,False,False
202116,2021-04-20,394,BA,Juazeiro,2918407,city,13169,6036.33997,41,249,0,0.0189,218162,False,False
202116,2021-04-19,393,BA,Juazeiro,2918407,city,13128,6017.54659,27,249,1,0.019,218162,False,False
202116,2021-04-18,392,BA,Juazeiro,2918407,city,13101,6005.17047,39,248,0,0.0189,218162,False,False
202115,2021-04-17,391,BA,Juazeiro,2918407,city,13062,5987.29385,83,248,0,0.019,218162,False,False
202115,2021-04-16,390,BA,Juazeiro,2918407,city,12979,5949.24872,128,248,2,0.0191,218162,False,False
202115,2021-04-15,389,BA,Juazeiro,2918407,city,12851,5890.57673,70,246,1,0.0191,218162,False,False
202115,2021-04-14,388,BA,Juazeiro,2918407,city,12781,5858.49048,109,245,0,0.0192,218162,False,False
202115,2021-04-13,387,BA,Juazeiro,2918407,city,12672,5808.52761,51,245,0,0.0193,218162,False,False
202115,2021-04-12,386,BA,Juazeiro,2918407,city,12621,5785.15048,18,245,5,0.0194,218162,False,False
202115,2021-04-11,385,BA,Juazeiro,2918407,city,12603,5776.89974,68,240,3,0.019,218162,False,False
202114,2021-04-10,384,BA,Juazeiro,2918407,city,12535,5745.73024,66,237,2,0.0189,218162,False,False
202114,2021-04-09,383,BA,Juazeiro,2918407,city,12469,5715.47749,77,235,3,0.0188,218162,False,False
202114,2021-04-08,382,BA,Juazeiro,2918407,city,12392,5680.18262,109,232,4,0.0187,218162,False,False
202114,2021-04-07,381,BA,Juazeiro,2918407,city,12283,5630.21974,151,228,2,0.0186,218162,False,False
202114,2021-04-06,380,BA,Juazeiro,2918407,city,12132,5561.00512,35,226,0,0.0186,218162,False,False
202114,2021-04-05,379,BA,Juazeiro,2918407,city,12097,5544.962,39,226,1,0.0187,218162,False,False
202114,2021-04-04,378,BA,Juazeiro,2918407,city,12058,5527.08538,16,225,1,0.0187,218162,False,False
202113,2021-04-03,377,BA,Juazeiro,2918407,city,12042,5519.75138,33,224,0,0.0186,218162,False,False
202113,2021-04-02,376,BA,Juazeiro,2918407,city,12009,5504.625,105,224,0,0.0187,218162,False,False
202113,2021-04-01,375,BA,Juazeiro,2918407,city,11904,5456.49563,95,224,4,0.0188,218162,False,False
202113,2021-03-31,374,BA,Juazeiro,2918407,city,11809,5412.95001,112,220,0,0.0186,218162,False,False
202113,2021-03-30,373,BA,Juazeiro,2918407,city,11697,5361.61201,38,220,1,0.0188,218162,False,False
202113,2021-03-29,372,BA,Juazeiro,2918407,city,11659,5344.19376,17,219,7,0.0188,218162,False,False
202113,2021-03-28,371,BA,Juazeiro,2918407,city,11642,5336.40139,58,212,5,0.0182,218162,False,False
202112,2021-03-27,370,BA,Juazeiro,2918407,city,11584,5309.81564,88,207,0,0.0179,218162,False,False
202112,2021-03-26,369,BA,Juazeiro,2918407,city,11496,5269.47864,71,207,5,0.018,218162,False,False
202112,2021-03-25,368,BA,Juazeiro,2918407,city,11425,5236.93402,114,202,1,0.0177,218162,False,False
202112,2021-03-24,367,BA,Juazeiro,2918407,city,11311,5184.67928,111,201,0,0.0178,218162,False,False
202112,2021-03-23,366,BA,Juazeiro,2918407,city,11200,5133.79965,37,201,0,0.0179,218162,False,False
202112,2021-03-22,365,BA,Juazeiro,2918407,city,11163,5116.83978,6,201,2,0.018,218162,False,False
202112,2021-03-21,364,BA,Juazeiro,2918407,city,11157,5114.08953,62,199,1,0.0178,218162,False,False
202111,2021-03-20,363,BA,Juazeiro,2918407,city,11095,5085.67028,84,198,1,0.0178,218162,False,False
202111,2021-03-19,362,BA,Juazeiro,2918407,city,11011,5047.16678,70,197,3,0.0179,218162,False,False
202111,2021-03-18,361,BA,Juazeiro,2918407,city,10941,5015.08054,107,194,4,0.0177,218162,False,False
202111,2021-03-17,360,BA,Juazeiro,2918407,city,10834,4966.03441,119,190,3,0.0175,218162,False,False
202111,2021-03-16,359,BA,Juazeiro,2918407,city,10715,4911.48779,47,187,1,0.0175,218162,False,False
202111,2021-03-15,358,BA,Juazeiro,2918407,city,10668,4889.94417,23,186,0,0.0174,218162,False,False
202111,2021-03-14,357,BA,Juazeiro,2918407,city,10645,4879.40155,43,186,1,0.0175,218162,False,False
202110,2021-03-13,356,BA,Juazeiro,2918407,city,10602,4859.69142,78,185,0,0.0174,218162,False,False
202110,2021-03-12,355,BA,Juazeiro,2918407,city,10524,4823.93817,92,185,1,0.0176,218162,False,False
202110,2021-03-11,354,BA,Juazeiro,2918407,city,10432,4781.76768,85,184,1,0.0176,218162,False,False
202110,2021-03-10,353,BA,Juazeiro,2918407,city,10347,4742.8058,113,183,0,0.0177,218162,False,False
202110,2021-03-09,352,BA,Juazeiro,2918407,city,10234,4691.00943,37,183,0,0.0179,218162,False,False
202110,2021-03-08,351,BA,Juazeiro,2918407,city,10197,4674.04956,25,183,1,0.0179,218162,False,False
202110,2021-03-07,350,BA,Juazeiro,2918407,city,10172,4662.59019,23,182,2,0.0179,218162,False,False
202109,2021-03-06,349,BA,Juazeiro,2918407,city,10149,4652.04756,86,180,0,0.0177,218162,False,False
202109,2021-03-05,348,BA,Juazeiro,2918407,city,10063,4612.62731,128,180,4,0.0179,218162,False,False
202109,2021-03-04,347,BA,Juazeiro,2918407,city,9935,4553.95532,67,176,1,0.0177,218162,False,False
202109,2021-03-03,346,BA,Juazeiro,2918407,city,9868,4523.24419,55,175,0,0.0177,218162,False,False
202109,2021-03-02,345,BA,Juazeiro,2918407,city,9813,4498.03357,41,175,2,0.0178,218162,False,False
202109,2021-03-01,344,BA,Juazeiro,2918407,city,9772,4479.2402,6,173,1,0.0177,218162,False,False
202109,2021-02-28,343,BA,Juazeiro,2918407,city,9766,4476.48995,16,172,1,0.0176,218162,False,False
202108,2021-02-27,342,BA,Juazeiro,2918407,city,9750,4469.15595,75,171,0,0.0175,218162,False,False
202108,2021-02-26,341,BA,Juazeiro,2918407,city,9675,4434.77783,50,171,3,0.0177,218162,False,False
202108,2021-02-25,340,BA,Juazeiro,2918407,city,9625,4411.85908,36,168,2,0.0175,218162,False,False
202108,2021-02-24,339,BA,Juazeiro,2918407,city,9589,4395.35758,37,166,1,0.0173,218162,False,False
202108,2021-02-23,338,BA,Juazeiro,2918407,city,9552,4378.3977,24,165,1,0.0173,218162,False,False
202108,2021-02-22,337,BA,Juazeiro,2918407,city,9528,4367.39671,13,164,3,0.0172,218162,False,False
202108,2021-02-21,336,BA,Juazeiro,2918407,city,9515,4361.43783,37,161,0,0.0169,218162,False,False
202107,2021-02-20,335,BA,Juazeiro,2918407,city,9478,4344.47796,44,161,0,0.017,218162,False,False
202107,2021-02-19,334,BA,Juazeiro,2918407,city,9434,4324.30946,53,161,0,0.0171,218162,False,False
202107,2021-02-18,333,BA,Juazeiro,2918407,city,9381,4300.01558,30,161,1,0.0172,218162,False,False
202107,2021-02-17,332,BA,Juazeiro,2918407,city,9351,4286.26434,58,160,1,0.0171,218162,False,False
202107,2021-02-16,331,BA,Juazeiro,2918407,city,9293,4259.67859,26,159,1,0.0171,218162,False,False
202107,2021-02-15,330,BA,Juazeiro,2918407,city,9267,4247.76084,15,158,2,0.017,218162,False,False
202107,2021-02-14,329,BA,Juazeiro,2918407,city,9252,4240.88521,18,156,0,0.0169,218162,False,False
202106,2021-02-13,328,BA,Juazeiro,2918407,city,9234,4232.63446,32,156,1,0.0169,218162,False,False
202106,2021-02-12,327,BA,Juazeiro,2918407,city,9202,4217.96647,43,155,1,0.0168,218162,False,False
202106,2021-02-11,326,BA,Juazeiro,2918407,city,9159,4198.25634,28,154,0,0.0168,218162,False,False
202106,2021-02-10,325,BA,Juazeiro,2918407,city,9131,4185.42184,39,154,0,0.0169,218162,False,False
202106,2021-02-09,324,BA,Juazeiro,2918407,city,9092,4167.54522,25,154,1,0.0169,218162,False,False
202106,2021-02-08,323,BA,Juazeiro,2918407,city,9067,4156.08584,7,153,0,0.0169,218162,False,False
202106,2021-02-07,322,BA,Juazeiro,2918407,city,9060,4152.87722,20,153,0,0.0169,218162,False,False
202105,2021-02-06,321,BA,Juazeiro,2918407,city,9040,4143.70972,30,153,1,0.0169,218162,False,False
202105,2021-02-05,320,BA,Juazeiro,2918407,city,9010,4129.95847,51,152,1,0.0169,218162,False,False
202105,2021-02-04,319,BA,Juazeiro,2918407,city,8959,4106.58135,45,151,2,0.0169,218162,False,False
202105,2021-02-03,318,BA,Juazeiro,2918407,city,8914,4085.95447,43,149,0,0.0167,218162,False,False
202105,2021-02-02,317,BA,Juazeiro,2918407,city,8871,4066.24435,19,149,1,0.0168,218162,False,False
202105,2021-02-01,316,BA,Juazeiro,2918407,city,8852,4057.53523,5,148,1,0.0167,218162,False,False
202105,2021-01-31,315,BA,Juazeiro,2918407,city,8847,4055.24335,39,147,1,0.0166,218162,False,False
202104,2021-01-30,314,BA,Juazeiro,2918407,city,8808,4037.36673,48,146,1,0.0166,218162,False,False
202104,2021-01-29,313,BA,Juazeiro,2918407,city,8760,4015.36473,62,145,1,0.0166,218162,False,False
202104,2021-01-28,312,BA,Juazeiro,2918407,city,8698,3986.94548,50,144,1,0.0166,218162,False,False
202104,2021-01-27,311,BA,Juazeiro,2918407,city,8648,3964.02673,70,143,0,0.0165,218162,False,False
202104,2021-01-26,310,BA,Juazeiro,2918407,city,8578,3931.94048,17,143,1,0.0167,218162,False,False
202104,2021-01-25,309,BA,Juazeiro,2918407,city,8561,3924.14811,13,142,1,0.0166,218162,False,False
202104,2021-01-24,308,BA,Juazeiro,2918407,city,8548,3918.18924,36,141,0,0.0165,218162,False,False
202103,2021-01-23,307,BA,Juazeiro,2918407,city,8512,3901.68774,46,141,0,0.0166,218162,False,False
202103,2021-01-22,306,BA,Juazeiro,2918407,city,8466,3880.60249,41,141,0,0.0167,218162,False,False
202103,2021-01-21,305,BA,Juazeiro,2918407,city,8425,3861.80911,26,141,0,0.0167,218162,False,False
202103,2021-01-20,304,BA,Juazeiro,2918407,city,8399,3849.89137,39,141,0,0.0168,218162,False,False
202103,2021-01-19,303,BA,Juazeiro,2918407,city,8360,3832.01474,19,141,0,0.0169,218162,False,False
202103,2021-01-18,302,BA,Juazeiro,2918407,city,8341,3823.30562,36,141,3,0.0169,218162,False,False
202103,2021-01-17,301,BA,Juazeiro,2918407,city,8305,3806.80412,28,138,0,0.0166,218162,False,False
202102,2021-01-16,300,BA,Juazeiro,2918407,city,8277,3793.96962,63,138,1,0.0167,218162,False,False
202102,2021-01-15,299,BA,Juazeiro,2918407,city,8214,3765.092,22,137,0,0.0167,218162,False,False
202102,2021-01-14,298,BA,Juazeiro,2918407,city,8192,3755.00775,18,137,0,0.0167,218162,False,False
202102,2021-01-13,297,BA,Juazeiro,2918407,city,8174,3746.757,49,137,0,0.0168,218162,False,False
202102,2021-01-12,296,BA,Juazeiro,2918407,city,8125,3724.29662,16,137,0,0.0169,218162,False,False
202102,2021-01-11,295,BA,Juazeiro,2918407,city,8109,3716.96262,31,137,0,0.0169,218162,False,False
202102,2021-01-10,294,BA,Juazeiro,2918407,city,8078,3702.753,9,137,0,0.017,218162,False,False
202101,2021-01-09,293,BA,Juazeiro,2918407,city,8069,3698.62763,32,137,0,0.017,218162,False,False
202101,2021-01-08,292,BA,Juazeiro,2918407,city,8037,3683.95963,27,137,0,0.017,218162,False,False
202101,2021-01-07,291,BA,Juazeiro,2918407,city,8010,3671.5835,33,137,1,0.0171,218162,False,False
202101,2021-01-06,290,BA,Juazeiro,2918407,city,7977,3656.45713,32,136,0,0.017,218162,False,False
202101,2021-01-05,289,BA,Juazeiro,2918407,city,7945,3641.78913,11,136,2,0.0171,218162,False,False
202101,2021-01-04,288,BA,Juazeiro,2918407,city,7934,3636.747,16,134,0,0.0169,218162,False,False
202101,2021-01-03,287,BA,Juazeiro,2918407,city,7918,3629.41301,3,134,0,0.0169,218162,False,False
202053,2021-01-02,286,BA,Juazeiro,2918407,city,7915,3628.03788,4,134,0,0.0169,218162,False,False
202053,2021-01-01,285,BA,Juazeiro,2918407,city,7911,3626.20438,18,134,0,0.0169,218162,False,False
202053,2020-12-31,284,BA,Juazeiro,2918407,city,7893,3617.95363,24,134,0,0.017,218162,False,False
202053,2020-12-30,283,BA,Juazeiro,2918407,city,7869,3606.95263,21,134,0,0.017,218162,False,False
202053,2020-12-29,282,BA,Juazeiro,2918407,city,7848,3597.32676,10,134,0,0.0171,218162,False,False
202053,2020-12-28,281,BA,Juazeiro,2918407,city,7838,3592.74301,6,134,3,0.0171,218162,False,False
202053,2020-12-27,280,BA,Juazeiro,2918407,city,7832,3589.99276,3,131,0,0.0167,218162,False,False
202052,2020-12-26,279,BA,Juazeiro,2918407,city,7829,3588.61763,16,131,0,0.0167,218162,False,False
202052,2020-12-25,278,BA,Juazeiro,2918407,city,7813,3581.28363,21,131,0,0.0168,218162,False,False
202052,2020-12-24,277,BA,Juazeiro,2918407,city,7792,3571.65776,40,131,0,0.0168,218162,False,False
202052,2020-12-23,276,BA,Juazeiro,2918407,city,7752,3553.32276,18,131,0,0.0169,218162,False,False
202052,2020-12-22,275,BA,Juazeiro,2918407,city,7734,3545.07201,13,131,0,0.0169,218162,False,False
202052,2020-12-21,274,BA,Juazeiro,2918407,city,7721,3539.11314,6,131,0,0.017,218162,False,False
202052,2020-12-20,273,BA,Juazeiro,2918407,city,7715,3536.36289,46,131,0,0.017,218162,False,False
202051,2020-12-19,272,BA,Juazeiro,2918407,city,7669,3515.27764,38,131,1,0.0171,218162,False,False
202051,2020-12-18,271,BA,Juazeiro,2918407,city,7631,3497.85939,47,130,0,0.017,218162,False,False
202051,2020-12-17,270,BA,Juazeiro,2918407,city,7584,3476.31577,41,130,0,0.0171,218162,False,False
202051,2020-12-16,269,BA,Juazeiro,2918407,city,7543,3457.52239,35,130,3,0.0172,218162,False,False
202051,2020-12-15,268,BA,Juazeiro,2918407,city,7508,3441.47927,5,127,1,0.0169,218162,False,False
202051,2020-12-14,267,BA,Juazeiro,2918407,city,7503,3439.18739,9,126,0,0.0168,218162,False,False
202051,2020-12-13,266,BA,Juazeiro,2918407,city,7494,3435.06202,30,126,0,0.0168,218162,False,False
202050,2020-12-12,265,BA,Juazeiro,2918407,city,7464,3421.31077,48,126,0,0.0169,218162,False,False
202050,2020-12-11,264,BA,Juazeiro,2918407,city,7416,3399.30877,44,126,0,0.017,218162,False,False
202050,2020-12-10,263,BA,Juazeiro,2918407,city,7372,3379.14027,43,126,0,0.0171,218162,False,False
202050,2020-12-09,262,BA,Juazeiro,2918407,city,7329,3359.43015,24,126,0,0.0172,218162,False,False
202050,2020-12-08,261,BA,Juazeiro,2918407,city,7305,3348.42915,7,126,0,0.0172,218162,False,False
202050,2020-12-07,260,BA,Juazeiro,2918407,city,7298,3345.22052,0,126,0,0.0173,218162,False,False
202050,2020-12-06,259,BA,Juazeiro,2918407,city,7298,3345.22052,45,126,0,0.0173,218162,False,False
202049,2020-12-05,258,BA,Juazeiro,2918407,city,7253,3324.59365,36,126,0,0.0174,218162,False,False
202049,2020-12-04,257,BA,Juazeiro,2918407,city,7217,3308.09215,35,126,0,0.0175,218162,False,False
202049,2020-12-03,256,BA,Juazeiro,2918407,city,7182,3292.04903,89,126,0,0.0175,218162,False,False
202049,2020-12-02,255,BA,Juazeiro,2918407,city,7093,3251.25366,31,126,0,0.0178,218162,False,False
202049,2020-12-01,254,BA,Juazeiro,2918407,city,7062,3237.04403,21,126,0,0.0178,218162,False,False
202049,2020-11-30,253,BA,Juazeiro,2918407,city,7041,3227.41816,12,126,0,0.0179,218162,False,False
202049,2020-11-29,252,BA,Juazeiro,2918407,city,7029,3221.91766,72,126,0,0.0179,218162,False,False
202048,2020-11-28,251,BA,Juazeiro,2918407,city,6957,3188.91466,52,126,0,0.0181,218162,False,False
202048,2020-11-27,250,BA,Juazeiro,2918407,city,6905,3165.07916,14,126,1,0.0182,218162,False,False
202048,2020-11-26,249,BA,Juazeiro,2918407,city,6891,3158.66191,40,125,0,0.0181,218162,False,False
202048,2020-11-25,248,BA,Juazeiro,2918407,city,6851,3140.32691,34,125,0,0.0182,218162,False,False
202048,2020-11-24,247,BA,Juazeiro,2918407,city,6817,3124.74216,4,125,0,0.0183,218162,False,False
202048,2020-11-23,246,BA,Juazeiro,2918407,city,6813,3122.90866,2,125,0,0.0183,218162,False,False
202048,2020-11-22,245,BA,Juazeiro,2918407,city,6811,3121.99191,25,125,1,0.0184,218162,False,False
202047,2020-11-21,244,BA,Juazeiro,2918407,city,6786,3110.53254,22,124,0,0.0183,218162,False,False
202047,2020-11-20,243,BA,Juazeiro,2918407,city,6764,3100.44829,56,124,0,0.0183,218162,False,False
202047,2020-11-19,242,BA,Juazeiro,2918407,city,6708,3074.77929,96,124,0,0.0185,218162,False,False
202047,2020-11-18,241,BA,Juazeiro,2918407,city,6612,3030.7753,24,124,0,0.0188,218162,False,False
202047,2020-11-17,240,BA,Juazeiro,2918407,city,6588,3019.7743,1,124,0,0.0188,218162,False,False
202047,2020-11-16,239,BA,Juazeiro,2918407,city,6587,3019.31592,0,124,1,0.0188,218162,False,False
202047,2020-11-15,238,BA,Juazeiro,2918407,city,6587,3019.31592,36,123,1,0.0187,218162,False,False
202046,2020-11-14,237,BA,Juazeiro,2918407,city,6551,3002.81442,69,122,0,0.0186,218162,False,False
202046,2020-11-13,236,BA,Juazeiro,2918407,city,6482,2971.18655,69,122,0,0.0188,218162,False,False
202046,2020-11-12,235,BA,Juazeiro,2918407,city,6413,2939.55868,87,122,0,0.019,218162,False,False
202046,2020-11-11,234,BA,Juazeiro,2918407,city,6326,2899.68005,74,122,0,0.0193,218162,False,False
202046,2020-11-10,233,BA,Juazeiro,2918407,city,6252,2865.76031,31,122,0,0.0195,218162,False,False
202046,2020-11-09,232,BA,Juazeiro,2918407,city,6221,2851.55068,0,122,0,0.0196,218162,False,False
202046,2020-11-08,231,BA,Juazeiro,2918407,city,6221,2851.55068,51,122,1,0.0196,218162,False,False
202045,2020-11-07,230,BA,Juazeiro,2918407,city,6170,2828.17356,66,121,0,0.0196,218162,False,False
202045,2020-11-06,229,BA,Juazeiro,2918407,city,6104,2797.92081,64,121,1,0.0198,218162,False,False
202045,2020-11-05,228,BA,Juazeiro,2918407,city,6040,2768.58481,39,120,3,0.0199,218162,False,False
202045,2020-11-04,227,BA,Juazeiro,2918407,city,6001,2750.70819,2,117,0,0.0195,218162,False,False
202045,2020-11-03,226,BA,Juazeiro,2918407,city,5999,2749.79144,1,117,0,0.0195,218162,False,False
202045,2020-11-02,225,BA,Juazeiro,2918407,city,5998,2749.33306,2,117,0,0.0195,218162,False,False
202045,2020-11-01,224,BA,Juazeiro,2918407,city,5996,2748.41631,0,117,1,0.0195,218162,False,False
202044,2020-10-31,223,BA,Juazeiro,2918407,city,5996,2748.41631,38,116,0,0.0193,218162,False,False
202044,2020-10-30,222,BA,Juazeiro,2918407,city,5958,2730.99807,72,116,0,0.0195,218162,False,False
202044,2020-10-29,221,BA,Juazeiro,2918407,city,5886,2697.99507,75,116,0,0.0197,218162,False,False
202044,2020-10-28,220,BA,Juazeiro,2918407,city,5811,2663.61695,56,116,0,0.02,218162,False,False
202044,2020-10-27,219,BA,Juazeiro,2918407,city,5755,2637.94795,12,116,0,0.0202,218162,False,False
202044,2020-10-26,218,BA,Juazeiro,2918407,city,5743,2632.44745,10,116,1,0.0202,218162,False,False
202044,2020-10-25,217,BA,Juazeiro,2918407,city,5733,2627.8637,35,115,0,0.0201,218162,False,False
202043,2020-10-24,216,BA,Juazeiro,2918407,city,5698,2611.82057,45,115,0,0.0202,218162,False,False
202043,2020-10-23,215,BA,Juazeiro,2918407,city,5653,2591.1937,44,115,2,0.0203,218162,False,False
202043,2020-10-22,214,BA,Juazeiro,2918407,city,5609,2571.0252,29,113,0,0.0201,218162,False,False
202043,2020-10-21,213,BA,Juazeiro,2918407,city,5580,2557.73233,35,113,1,0.0203,218162,False,False
202043,2020-10-20,212,BA,Juazeiro,2918407,city,5545,2541.6892,18,112,0,0.0202,218162,False,False
202043,2020-10-19,211,BA,Juazeiro,2918407,city,5527,2533.43845,9,112,0,0.0203,218162,False,False
202043,2020-10-18,210,BA,Juazeiro,2918407,city,5518,2529.31308,35,112,0,0.0203,218162,False,False
202042,2020-10-17,209,BA,Juazeiro,2918407,city,5483,2513.26996,34,112,0,0.0204,218162,False,False
202042,2020-10-16,208,BA,Juazeiro,2918407,city,5449,2497.68521,32,112,1,0.0206,218162,False,False
202042,2020-10-15,207,BA,Juazeiro,2918407,city,5417,2483.01721,56,111,0,0.0205,218162,False,False
202042,2020-10-14,206,BA,Juazeiro,2918407,city,5361,2457.34821,19,111,1,0.0207,218162,False,False
202042,2020-10-13,205,BA,Juazeiro,2918407,city,5342,2448.63908,1,110,0,0.0206,218162,False,False
202042,2020-10-12,204,BA,Juazeiro,2918407,city,5341,2448.18071,0,110,0,0.0206,218162,False,False
202042,2020-10-11,203,BA,Juazeiro,2918407,city,5341,2448.18071,24,110,1,0.0206,218162,False,False
202041,2020-10-10,202,BA,Juazeiro,2918407,city,5317,2437.17971,22,109,0,0.0205,218162,False,False
202041,2020-10-09,201,BA,Juazeiro,2918407,city,5295,2427.09546,18,109,1,0.0206,218162,False,False
202041,2020-10-08,200,BA,Juazeiro,2918407,city,5277,2418.84471,33,108,1,0.0205,218162,False,False
202041,2020-10-07,199,BA,Juazeiro,2918407,city,5244,2403.71834,15,107,0,0.0204,218162,False,False
202041,2020-10-06,198,BA,Juazeiro,2918407,city,5229,2396.84271,11,107,1,0.0205,218162,False,False
202041,2020-10-05,197,BA,Juazeiro,2918407,city,5218,2391.80059,0,106,0,0.0203,218162,False,False
202041,2020-10-04,196,BA,Juazeiro,2918407,city,5218,2391.80059,13,106,0,0.0203,218162,False,False
202040,2020-10-03,195,BA,Juazeiro,2918407,city,5205,2385.84171,27,106,2,0.0204,218162,False,False
202040,2020-10-02,194,BA,Juazeiro,2918407,city,5178,2373.46559,17,104,0,0.0201,218162,False,False
202040,2020-10-01,193,BA,Juazeiro,2918407,city,5161,2365.67322,36,104,2,0.0202,218162,False,False
202040,2020-09-30,192,BA,Juazeiro,2918407,city,5125,2349.17172,31,102,0,0.0199,218162,False,False
202040,2020-09-29,191,BA,Juazeiro,2918407,city,5094,2334.96209,13,102,1,0.02,218162,False,False
202040,2020-09-28,190,BA,Juazeiro,2918407,city,5081,2329.00322,0,101,0,0.0199,218162,False,False
202040,2020-09-27,189,BA,Juazeiro,2918407,city,5081,2329.00322,8,101,0,0.0199,218162,False,False
202039,2020-09-26,188,BA,Juazeiro,2918407,city,5073,2325.33622,28,101,0,0.0199,218162,False,False
202039,2020-09-25,187,BA,Juazeiro,2918407,city,5045,2312.50172,27,101,1,0.02,218162,False,False
202039,2020-09-24,186,BA,Juazeiro,2918407,city,5018,2300.12559,27,100,0,0.0199,218162,False,False
202039,2020-09-23,185,BA,Juazeiro,2918407,city,4991,2287.74947,30,100,1,0.02,218162,False,False
202039,2020-09-22,184,BA,Juazeiro,2918407,city,4961,2273.99822,7,99,0,0.02,218162,False,False
202039,2020-09-21,183,BA,Juazeiro,2918407,city,4954,2270.7896,0,99,0,0.02,218162,False,False
202039,2020-09-20,182,BA,Juazeiro,2918407,city,4954,2270.7896,14,99,0,0.02,218162,False,False
202038,2020-09-19,181,BA,Juazeiro,2918407,city,4940,2264.37235,29,99,0,0.02,218162,False,False
202038,2020-09-18,180,BA,Juazeiro,2918407,city,4911,2251.07947,25,99,2,0.0202,218162,False,False
202038,2020-09-17,179,BA,Juazeiro,2918407,city,4886,2239.6201,33,97,0,0.0199,218162,False,False
202038,2020-09-16,178,BA,Juazeiro,2918407,city,4853,2224.49372,60,97,0,0.02,218162,False,False
202038,2020-09-15,177,BA,Juazeiro,2918407,city,4793,2196.99123,10,97,1,0.0202,218162,False,False
202038,2020-09-14,176,BA,Juazeiro,2918407,city,4783,2192.40748,-4,96,0,0.0201,218162,False,False
202038,2020-09-13,175,BA,Juazeiro,2918407,city,4787,2194.24098,15,96,2,0.0201,218162,False,False
202037,2020-09-12,174,BA,Juazeiro,2918407,city,4772,2187.36535,56,94,1,0.0197,218162,False,False
202037,2020-09-11,173,BA,Juazeiro,2918407,city,4716,2161.69635,36,93,0,0.0197,218162,False,False
202037,2020-09-10,172,BA,Juazeiro,2918407,city,4680,2145.19486,26,93,0,0.0199,218162,False,False
202037,2020-09-09,171,BA,Juazeiro,2918407,city,4654,2133.27711,0,93,0,0.02,218162,False,False
202037,2020-09-08,170,BA,Juazeiro,2918407,city,4654,2133.27711,1,93,0,0.02,218162,False,False
202037,2020-09-07,169,BA,Juazeiro,2918407,city,4653,2132.81873,1,93,0,0.02,218162,False,False
202037,2020-09-06,168,BA,Juazeiro,2918407,city,4652,2132.36036,14,93,0,0.02,218162,False,False
202036,2020-09-05,167,BA,Juazeiro,2918407,city,4638,2125.94311,30,93,0,0.0201,218162,False,False
202036,2020-09-04,166,BA,Juazeiro,2918407,city,4608,2112.19186,35,93,1,0.0202,218162,False,False
202036,2020-09-03,165,BA,Juazeiro,2918407,city,4573,2096.14873,53,92,1,0.0201,218162,False,False
202036,2020-09-02,164,BA,Juazeiro,2918407,city,4520,2071.85486,85,91,0,0.0201,218162,False,False
202036,2020-09-01,163,BA,Juazeiro,2918407,city,4435,2032.89299,34,91,3,0.0205,218162,False,False
202036,2020-08-31,162,BA,Juazeiro,2918407,city,4401,2017.30824,1,88,6,0.02,218162,False,False
202036,2020-08-30,161,BA,Juazeiro,2918407,city,4400,2016.84986,9,82,1,0.0186,218162,False,False
202035,2020-08-29,160,BA,Juazeiro,2918407,city,4391,2012.72449,82,81,0,0.0184,218162,False,False
202035,2020-08-28,159,BA,Juazeiro,2918407,city,4309,1975.13774,36,81,1,0.0188,218162,False,False
202035,2020-08-27,158,BA,Juazeiro,2918407,city,4273,1958.63624,39,80,3,0.0187,218162,False,False
202035,2020-08-26,157,BA,Juazeiro,2918407,city,4234,1940.75962,66,77,1,0.0182,218162,False,False
202035,2020-08-25,156,BA,Juazeiro,2918407,city,4168,1910.50687,53,76,0,0.0182,218162,False,False
202035,2020-08-24,155,BA,Juazeiro,2918407,city,4115,1886.213,1,76,1,0.0185,218162,False,False
202035,2020-08-23,154,BA,Juazeiro,2918407,city,4114,1885.75462,4,75,0,0.0182,218162,False,False
202034,2020-08-22,153,BA,Juazeiro,2918407,city,4110,1883.92112,45,75,0,0.0182,218162,False,False
202034,2020-08-21,152,BA,Juazeiro,2918407,city,4065,1863.29425,43,75,2,0.0185,218162,False,False
202034,2020-08-20,151,BA,Juazeiro,2918407,city,4022,1843.58413,61,73,1,0.0182,218162,False,False
202034,2020-08-19,150,BA,Juazeiro,2918407,city,3961,1815.62325,75,72,0,0.0182,218162,False,False
202034,2020-08-18,149,BA,Juazeiro,2918407,city,3886,1781.24513,54,72,5,0.0185,218162,False,False
202034,2020-08-17,148,BA,Juazeiro,2918407,city,3832,1756.49288,2,67,0,0.0175,218162,False,False
202034,2020-08-16,147,BA,Juazeiro,2918407,city,3830,1755.57613,27,67,1,0.0175,218162,False,False
202033,2020-08-15,146,BA,Juazeiro,2918407,city,3803,1743.20001,79,66,0,0.0174,218162,False,False
202033,2020-08-14,145,BA,Juazeiro,2918407,city,3724,1706.98838,65,66,2,0.0177,218162,False,False
202033,2020-08-13,144,BA,Juazeiro,2918407,city,3659,1677.19401,74,64,1,0.0175,218162,False,False
202033,2020-08-12,143,BA,Juazeiro,2918407,city,3585,1643.27426,105,63,1,0.0176,218162,False,False
202033,2020-08-11,142,BA,Juazeiro,2918407,city,3480,1595.14489,45,62,0,0.0178,218162,False,False
202033,2020-08-10,141,BA,Juazeiro,2918407,city,3435,1574.51802,3,62,2,0.018,218162,False,False
202033,2020-08-09,140,BA,Juazeiro,2918407,city,3432,1573.14289,32,60,0,0.0175,218162,False,False
202032,2020-08-08,139,BA,Juazeiro,2918407,city,3400,1558.47489,135,60,1,0.0176,218162,False,False
202032,2020-08-07,138,BA,Juazeiro,2918407,city,3265,1496.59427,103,59,0,0.0181,218162,False,False
202032,2020-08-06,137,BA,Juazeiro,2918407,city,3162,1449.38165,77,59,0,0.0187,218162,False,False
202032,2020-08-05,136,BA,Juazeiro,2918407,city,3085,1414.08678,111,59,0,0.0191,218162,False,False
202032,2020-08-04,135,BA,Juazeiro,2918407,city,2974,1363.20716,64,59,1,0.0198,218162,False,False
202032,2020-08-03,134,BA,Juazeiro,2918407,city,2910,1333.87116,5,58,0,0.0199,218162,False,False
202032,2020-08-02,133,BA,Juazeiro,2918407,city,2905,1331.57929,39,58,1,0.02,218162,False,False
202031,2020-08-01,132,BA,Juazeiro,2918407,city,2866,1313.70266,108,57,3,0.0199,218162,False,False
202031,2020-07-31,131,BA,Juazeiro,2918407,city,2758,1264.19816,166,54,2,0.0196,218162,False,False
202031,2020-07-30,130,BA,Juazeiro,2918407,city,2592,1188.10792,137,52,1,0.0201,218162,False,False
202031,2020-07-29,129,BA,Juazeiro,2918407,city,2455,1125.31055,99,51,0,0.0208,218162,False,False
202031,2020-07-28,128,BA,Juazeiro,2918407,city,2356,1079.93143,57,51,0,0.0216,218162,False,False
202031,2020-07-27,127,BA,Juazeiro,2918407,city,2299,1053.80405,2,51,1,0.0222,218162,False,False
202031,2020-07-26,126,BA,Juazeiro,2918407,city,2297,1052.8873,51,50,0,0.0218,218162,False,False
202030,2020-07-25,125,BA,Juazeiro,2918407,city,2246,1029.51018,170,50,2,0.0223,218162,False,False
202030,2020-07-24,124,BA,Juazeiro,2918407,city,2076,951.58644,128,48,1,0.0231,218162,False,False
202030,2020-07-23,123,BA,Juazeiro,2918407,city,1948,892.91444,151,47,0,0.0241,218162,False,False
202030,2020-07-22,122,BA,Juazeiro,2918407,city,1797,823.69982,101,47,2,0.0262,218162,False,False
202030,2020-07-21,121,BA,Juazeiro,2918407,city,1696,777.40395,33,45,1,0.0265,218162,False,False
202030,2020-07-20,120,BA,Juazeiro,2918407,city,1663,762.27757,5,44,2,0.0265,218162,False,False
202030,2020-07-19,119,BA,Juazeiro,2918407,city,1658,759.9857,64,42,0,0.0253,218162,False,False
202029,2020-07-18,118,BA,Juazeiro,2918407,city,1594,730.6497,1,42,1,0.0263,218162,False,False
202029,2020-07-17,117,BA,Juazeiro,2918407,city,1593,730.19133,33,41,1,0.0257,218162,False,False
202029,2020-07-16,116,BA,Juazeiro,2918407,city,1560,715.06495,37,40,1,0.0256,218162,False,False
202029,2020-07-15,115,BA,Juazeiro,2918407,city,1523,698.10508,43,39,4,0.0256,218162,False,False
202029,2020-07-14,114,BA,Juazeiro,2918407,city,1480,678.39495,49,35,2,0.0236,218162,False,False
202029,2020-07-13,113,BA,Juazeiro,2918407,city,1431,655.93458,6,33,0,0.0231,218162,False,False
202029,2020-07-12,112,BA,Juazeiro,2918407,city,1425,653.18433,64,33,0,0.0232,218162,False,False
202028,2020-07-11,111,BA,Juazeiro,2918407,city,1361,623.84833,89,33,0,0.0242,218162,False,False
202028,2020-07-10,110,BA,Juazeiro,2918407,city,1272,583.05296,77,33,2,0.0259,218162,False,False
202028,2020-07-09,109,BA,Juazeiro,2918407,city,1195,547.75809,97,31,2,0.0259,218162,False,False
202028,2020-07-08,108,BA,Juazeiro,2918407,city,1098,503.29572,49,29,3,0.0264,218162,False,False
202028,2020-07-07,107,BA,Juazeiro,2918407,city,1049,480.83534,25,26,2,0.0248,218162,False,False
202028,2020-07-06,106,BA,Juazeiro,2918407,city,1024,469.37597,8,24,0,0.0234,218162,False,False
202028,2020-07-05,105,BA,Juazeiro,2918407,city,1016,465.70897,62,24,0,0.0236,218162,False,False
202027,2020-07-04,104,BA,Juazeiro,2918407,city,954,437.28972,88,24,0,0.0252,218162,False,False
202027,2020-07-03,103,BA,Juazeiro,2918407,city,866,396.95272,81,24,1,0.0277,218162,False,False
202027,2020-07-02,102,BA,Juazeiro,2918407,city,785,359.82435,64,23,2,0.0293,218162,False,False
202027,2020-07-01,101,BA,Juazeiro,2918407,city,721,330.48835,100,21,2,0.0291,218162,False,False
202027,2020-06-30,100,BA,Juazeiro,2918407,city,621,284.65086,31,19,0,0.0306,218162,False,False
202027,2020-06-29,99,BA,Juazeiro,2918407,city,590,270.44123,21,19,0,0.0322,218162,False,False
202027,2020-06-28,98,BA,Juazeiro,2918407,city,569,260.81536,12,19,1,0.0334,218162,False,False
202026,2020-06-27,97,BA,Juazeiro,2918407,city,557,255.31486,76,18,3,0.0323,218162,False,False
202026,2020-06-26,96,BA,Juazeiro,2918407,city,481,220.47836,47,15,0,0.0312,218162,False,False
202026,2020-06-25,95,BA,Juazeiro,2918407,city,434,198.93474,37,15,0,0.0346,218162,False,False
202026,2020-06-24,94,BA,Juazeiro,2918407,city,397,181.97486,58,15,3,0.0378,218162,False,False
202026,2020-06-23,93,BA,Juazeiro,2918407,city,339,155.38911,21,12,0,0.0354,218162,False,False
202026,2020-06-22,92,BA,Juazeiro,2918407,city,318,145.76324,1,12,2,0.0377,218162,False,False
202026,2020-06-21,91,BA,Juazeiro,2918407,city,317,145.30487,48,10,1,0.0315,218162,False,False
202025,2020-06-20,90,BA,Juazeiro,2918407,city,269,123.30287,65,9,0,0.0335,218162,False,False
202025,2020-06-19,89,BA,Juazeiro,2918407,city,204,93.50849,3,9,1,0.0441,218162,False,False
202025,2020-06-18,88,BA,Juazeiro,2918407,city,201,92.13337,0,8,0,0.0398,218162,False,False
202025,2020-06-17,87,BA,Juazeiro,2918407,city,201,92.13337,20,8,0,0.0398,218162,False,False
202025,2020-06-16,86,BA,Juazeiro,2918407,city,181,82.96587,8,8,0,0.0442,218162,False,False
202025,2020-06-15,85,BA,Juazeiro,2918407,city,173,79.29887,4,8,1,0.0462,218162,False,False
202025,2020-06-14,84,BA,Juazeiro,2918407,city,169,77.46537,1,7,1,0.0414,218162,False,False
202024,2020-06-13,83,BA,Juazeiro,2918407,city,168,77.00699,0,6,0,0.0357,218162,False,False
202024,2020-06-12,82,BA,Juazeiro,2918407,city,168,77.00699,4,6,0,0.0357,218162,False,False
202024,2020-06-11,81,BA,Juazeiro,2918407,city,164,75.17349,15,6,0,0.0366,218162,False,False
202024,2020-06-10,80,BA,Juazeiro,2918407,city,149,68.29787,17,6,0,0.0403,218162,False,False
202024,2020-06-09,79,BA,Juazeiro,2918407,city,132,60.5055,3,6,0,0.0455,218162,False,False
202024,2020-06-08,78,BA,Juazeiro,2918407,city,129,59.13037,6,6,0,0.0465,218162,False,False
202024,2020-06-07,77,BA,Juazeiro,2918407,city,123,56.38012,19,6,0,0.0488,218162,False,False
202023,2020-06-06,76,BA,Juazeiro,2918407,city,104,47.671,11,6,0,0.0577,218162,False,False
202023,2020-06-05,75,BA,Juazeiro,2918407,city,93,42.62887,31,6,0,0.0645,218162,False,False
202023,2020-06-04,74,BA,Juazeiro,2918407,city,62,28.41925,2,6,1,0.0968,218162,False,False
202023,2020-06-03,73,BA,Juazeiro,2918407,city,60,27.5025,3,5,0,0.0833,218162,False,False
202023,2020-06-02,72,BA,Juazeiro,2918407,city,57,26.12737,16,5,0,0.0877,218162,False,False
202023,2020-06-01,71,BA,Juazeiro,2918407,city,41,18.79337,3,5,0,0.122,218162,False,False
202023,2020-05-31,70,BA,Juazeiro,2918407,city,38,17.41825,2,5,1,0.1316,218162,False,False
202022,2020-05-30,69,BA,Juazeiro,2918407,city,36,16.5015,3,4,0,0.1111,218162,False,False
202022,2020-05-29,68,BA,Juazeiro,2918407,city,33,15.12637,0,4,1,0.1212,218162,False,False
202022,2020-05-28,67,BA,Juazeiro,2918407,city,33,15.12637,-3,3,0,0.0909,218162,False,False
202022,2020-05-27,66,BA,Juazeiro,2918407,city,36,16.5015,0,3,0,0.0833,218162,False,False
202022,2020-05-26,65,BA,Juazeiro,2918407,city,36,16.5015,1,3,0,0.0833,218162,False,False
202022,2020-05-25,64,BA,Juazeiro,2918407,city,35,16.04312,-1,3,0,0.0857,218162,False,False
202022,2020-05-24,63,BA,Juazeiro,2918407,city,36,16.5015,1,3,0,0.0833,218162,False,False
202021,2020-05-23,62,BA,Juazeiro,2918407,city,35,16.04312,4,3,1,0.0857,218162,False,False
202021,2020-05-22,61,BA,Juazeiro,2918407,city,31,14.20962,0,2,0,0.0645,218162,False,False
202021,2020-05-21,60,BA,Juazeiro,2918407,city,31,14.20962,4,2,0,0.0645,218162,False,False
202021,2020-05-20,59,BA,Juazeiro,2918407,city,27,12.37612,0,2,0,0.0741,218162,False,False
202021,2020-05-19,58,BA,Juazeiro,2918407,city,27,12.37612,1,2,0,0.0741,218162,False,False
202021,2020-05-18,57,BA,Juazeiro,2918407,city,26,11.91775,0,2,0,0.0769,218162,False,False
202021,2020-05-17,56,BA,Juazeiro,2918407,city,26,11.91775,0,2,0,0.0769,218162,False,False
202020,2020-05-16,55,BA,Juazeiro,2918407,city,26,11.91775,0,2,0,0.0769,218162,False,False
202020,2020-05-15,54,BA,Juazeiro,2918407,city,26,11.91775,14,2,0,0.0769,218162,False,False
202020,2020-05-14,53,BA,Juazeiro,2918407,city,12,5.5005,0,2,0,0.1667,218162,False,False
202020,2020-05-13,52,BA,Juazeiro,2918407,city,12,5.5005,0,2,0,0.1667,218162,False,False
202020,2020-05-12,51,BA,Juazeiro,2918407,city,12,5.5005,2,2,0,0.1667,218162,False,False
202020,2020-05-11,50,BA,Juazeiro,2918407,city,10,4.58375,0,2,1,0.2,218162,False,False
202020,2020-05-10,49,BA,Juazeiro,2918407,city,10,4.58375,1,1,0,0.1,218162,False,False
202019,2020-05-09,48,BA,Juazeiro,2918407,city,9,4.12537,0,1,0,0.1111,218162,False,False
202019,2020-05-08,47,BA,Juazeiro,2918407,city,9,4.12537,0,1,0,0.1111,218162,False,False
202019,2020-05-07,46,BA,Juazeiro,2918407,city,9,4.12537,0,1,0,0.1111,218162,False,False
202019,2020-05-06,45,BA,Juazeiro,2918407,city,9,4.12537,0,1,0,0.1111,218162,False,False
202019,2020-05-05,44,BA,Juazeiro,2918407,city,9,4.12537,0,1,0,0.1111,218162,False,False
202019,2020-05-04,43,BA,Juazeiro,2918407,city,9,4.12537,0,1,0,0.1111,218162,False,False
202019,2020-05-03,42,BA,Juazeiro,2918407,city,9,4.12537,0,1,0,0.1111,218162,False,False
202018,2020-05-02,41,BA,Juazeiro,2918407,city,9,4.12537,0,1,0,0.1111,218162,False,False
202018,2020-05-01,40,BA,Juazeiro,2918407,city,9,4.12537,0,1,0,0.1111,218162,False,False
202018,2020-04-30,39,BA,Juazeiro,2918407,city,9,4.12537,0,1,0,0.1111,218162,False,False
202018,2020-04-29,38,BA,Juazeiro,2918407,city,9,4.12537,0,1,0,0.1111,218162,False,False
202018,2020-04-28,37,BA,Juazeiro,2918407,city,9,4.12537,0,1,0,0.1111,218162,False,False
202018,2020-04-27,36,BA,Juazeiro,2918407,city,9,4.12537,0,1,0,0.1111,218162,False,False
202018,2020-04-26,35,BA,Juazeiro,2918407,city,9,4.12537,1,1,0,0.1111,218162,False,False
202017,2020-04-25,34,BA,Juazeiro,2918407,city,8,3.667,1,1,0,0.125,218162,False,False
202017,2020-04-24,33,BA,Juazeiro,2918407,city,7,3.20862,0,1,0,0.1429,218162,False,False
202017,2020-04-23,32,BA,Juazeiro,2918407,city,7,3.20862,0,1,0,0.1429,218162,False,False
202017,2020-04-22,31,BA,Juazeiro,2918407,city,7,3.20862,0,1,0,0.1429,218162,False,False
202017,2020-04-21,30,BA,Juazeiro,2918407,city,7,3.20862,0,1,0,0.1429,218162,False,False
202017,2020-04-20,29,BA,Juazeiro,2918407,city,7,3.20862,0,1,0,0.1429,218162,False,False
202017,2020-04-19,28,BA,Juazeiro,2918407,city,7,3.20862,2,1,0,0.1429,218162,False,False
202016,2020-04-18,27,BA,Juazeiro,2918407,city,5,2.29187,0,1,0,0.2,218162,False,False
202016,2020-04-17,26,BA,Juazeiro,2918407,city,5,2.29187,0,1,1,0.2,218162,False,False
202016,2020-04-16,25,BA,Juazeiro,2918407,city,5,2.29187,0,0,0,0.0,218162,False,False
202016,2020-04-15,24,BA,Juazeiro,2918407,city,5,2.29187,0,0,0,0.0,218162,False,False
202016,2020-04-14,23,BA,Juazeiro,2918407,city,5,2.29187,0,0,0,0.0,218162,False,False
202016,2020-04-13,22,BA,Juazeiro,2918407,city,5,2.29187,0,0,0,0.0,218162,False,False
202016,2020-04-12,21,BA,Juazeiro,2918407,city,5,2.29187,0,0,0,0.0,218162,False,False
202015,2020-04-11,20,BA,Juazeiro,2918407,city,5,2.29187,2,0,0,0.0,218162,False,False
202015,2020-04-10,19,BA,Juazeiro,2918407,city,3,1.37512,0,0,0,0.0,218162,False,False
202015,2020-04-09,18,BA,Juazeiro,2918407,city,3,1.37512,0,0,0,0.0,218162,False,False
202015,2020-04-08,17,BA,Juazeiro,2918407,city,3,1.37512,0,0,0,0.0,218162,False,False
202015,2020-04-07,16,BA,Juazeiro,2918407,city,3,1.37512,0,0,0,0.0,218162,False,False
202015,2020-04-06,15,BA,Juazeiro,2918407,city,3,1.37512,0,0,0,0.0,218162,False,False
202015,2020-04-05,14,BA,Juazeiro,2918407,city,3,1.37512,1,0,0,0.0,218162,False,False
202014,2020-04-04,13,BA,Juazeiro,2918407,city,2,0.91675,0,0,0,0.0,218162,False,False
202014,2020-04-03,12,BA,Juazeiro,2918407,city,2,0.91675,0,0,0,0.0,218162,False,False
202014,2020-04-02,11,BA,Juazeiro,2918407,city,2,0.91675,0,0,0,0.0,218162,False,False
202014,2020-04-01,10,BA,Juazeiro,2918407,city,2,0.91675,0,0,0,0.0,218162,False,False
202014,2020-03-31,9,BA,Juazeiro,2918407,city,2,0.91675,0,0,0,0.0,218162,False,False
202014,2020-03-30,8,BA,Juazeiro,2918407,city,2,0.91675,0,0,0,0.0,218162,False,False
202014,2020-03-29,7,BA,Juazeiro,2918407,city,2,0.91675,0,0,0,0.0,218162,False,False
202013,2020-03-28,6,BA,Juazeiro,2918407,city,2,0.91675,0,0,0,0.0,218162,False,False
202013,2020-03-27,5,BA,Juazeiro,2918407,city,2,0.91675,0,0,0,0.0,218162,False,False
202013,2020-03-26,4,BA,Juazeiro,2918407,city,2,0.91675,0,0,0,0.0,218162,False,False
202013,2020-03-25,3,BA,Juazeiro,2918407,city,2,0.91675,0,0,0,0.0,218162,False,False
202013,2020-03-24,2,BA,Juazeiro,2918407,city,2,0.91675,1,0,0,0.0,218162,False,False
202013,2020-03-23,1,BA,Juazeiro,2918407,city,1,0.45837,1,0,0,0.0,218162,False,False
